{"(2, 1, 2)": [130.93413565419678, 171.0512627066187, 185.57947770612418, 132.82132393780032], "(3, 1, 2)": [89.42215238790028, 141.25374929837173, 139.7974818792753, 90.81481326088834], "(4, 2, 2)": [88.02892835445525, 38.176514989724545, 155.80779475206478, 67.81051466040522], "(4, 3, 2)": [5.609282951292236, 9.09698485793669, 33.231916956778115, 55.44836877757774], "(3, 3, 1)": [-1.8521643786354924, 12.897096207329238, 26.3482794825851, 3.620020673722648], "(1, 3, 1)": [78.28358554536221, 67.35276003033285, 158.0665540558606, 95.97591051750378], "(0, 3, 1)": [167.76467697960493, 164.08616908838047, 169.29053032995685, 175.15228786137206], "(0, 2, 1)": [173.45823201453553, 165.97660807119274, 174.50713180331255, 176.81228220072197], "(0, 1, 1)": [173.5284302977969, 171.90649983258763, 174.8383813342876, 169.1081411300447], "(0, 1, 0)": [162.47322705869897, 161.46036639024112, 163.1775637530693, 157.2554499059032], "(0, 2, 0)": [162.2965310855617, 156.64876018797847, 162.4440415830284, 166.01817553303863], "(0, 2, 2)": [189.94682100100584, 182.33516251828738, 190.8459132005118, 196.40424966458474], "(0, 1, 2)": [189.85228884669104, 189.36480597620417, 196.65467664412634, 183.9763708534671], "(1, 1, 2)": [177.6722865147353, 186.79119627787898, 197.81407946611117, 172.7317918317576], "(4, 1, 2)": [74.91711147391737, 123.28991671326214, 103.62424571263995, 76.17017907131333], "(3, 2, 2)": [133.58764891073525, 100.84646629730459, 176.27731767046836, 81.09000922671471], "(2, 3, 2)": [105.71099467091521, 87.8246630071949, 167.388765322067, 100.87244300177888], "(1, 3, 2)": [154.76638631894366, 163.03553760372552, 184.02355664481288, 138.68622167742154], "(0, 3, 2)": [180.15940059865721, 175.18587103801798, 181.16528449574866, 192.96838377801015], "(1, 2, 2)": [185.0659610805012, 170.29726692942543, 196.7595772982683, 173.0295774934936], "(2, 2, 1)": [122.46163749337794, 103.59523840344126, 176.31763260613496, 120.97320471278289], "(2, 2, 2)": [162.31383734111242, 148.8685119046318, 191.9034975510679, 123.99659673788469], "(4, 1, 1)": [94.78816353175125, 82.61392410938498, 141.68033739598928, 91.73798347032283], "(3, 1, 1)": [120.05055626740311, 138.3487625226206, 160.1666008382769, 120.18316419870285], "(3, 2, 1)": [63.58145542638351, 56.602312110877406, 166.28934257245447, 95.55207117128758], "(2, 3, 1)": [12.210549136350535, 20.828500564976903, 87.6189376877476, 53.67498384362912], "(1, 1, 1)": [167.63684682645592, 171.9208591559451, 177.21791449853802, 165.0582318745262], "(1, 2, 1)": [170.62874748999752, 158.77871700370028, 176.7087515696432, 162.0439496247029], "(2, 1, 1)": [147.6400954550513, 167.0882798010856, 175.53618573136825, 145.32081012578564], "(3, 1, 0)": [134.66680656254377, 120.97523843361357, 165.35290078237233, 105.59220257214454], "(2, 2, 0)": [58.876784712546296, 76.3427765284463, 165.4962614587887, 114.21216170065988], "(0, 3, 0)": [160.0294493177285, 154.42022121200299, 159.21883496733216, 166.48657231907418], "(2, 1, 0)": [158.11220938476458, 164.4130660853077, 165.29365547085808, 152.04742831169216], "(1, 1, 0)": [165.6043242217962, 165.24504007495491, 166.08669832146313, 161.43399131638043], "(1, 2, 0)": [125.78880491059736, 126.65141158477022, 169.34098655563497, 135.41775725831008], "(4, 1, 0)": [62.99890348254585, 26.933611476927364, 151.57322285991424, 65.32247415817903], "(4, 2, 0)": [8.946426482857905, 0.9490635545001149, 84.45889304197547, 18.993899465293733], "(3, 3, 0)": [2.959547869017857, 0.4600872463483972, 16.420789831872945, -1.1052047051483966], "(3, 3, 2)": [20.19863463980035, 34.15715122630876, 133.80822979582786, 75.75811376049485], "(2, 3, 0)": [39.128442143385435, 5.208525518187888, 0.0, 15.838375941905099], "(4, 2, 1)": [24.850456915169246, -5.703259619247849, 90.4840793411147, 46.802892569488485], "(4, 3, 1)": [0.0, 3.310026644459072, -1.2184329220498458, 13.678285652227622], "(3, 2, 0)": [18.831095986115066, 40.264856033924744, 119.19591168098074, 13.395758118474522], "(1, 3, 0)": [41.19236552817748, 104.28879840908215, 27.412068666168004, 43.0592832216806], "(4, 3, 0)": [-0.6203565338798771, -2.123762376237624, 0.0, -2.5148340159355245]}