{
  "(2, 1, 2)": [
    134.40458126951984,
    172.56581597720592,
    181.6255201181327,
    132.7663547013753
  ],
  "(3, 1, 2)": [
    105.08780710937808,
    151.42899005570308,
    145.8246698645243,
    96.66477366798627
  ],
  "(4, 2, 2)": [
    111.49424840264902,
    103.6375103457854,
    153.86944298843486,
    88.47022253915843
  ],
  "(4, 3, 2)": [
    54.66980303359457,
    65.17264146674263,
    129.2940907700654,
    92.47646493375389
  ],
  "(3, 3, 1)": [
    -1.8521643786354924,
    12.60506939620405,
    79.41154601895134,
    3.620020673722648
  ],
  "(1, 3, 1)": [
    113.7565623013675,
    107.91033803697127,
    169.17290969027195,
    131.45678290058092
  ],
  "(0, 3, 1)": [
    167.19828629344912,
    162.70223969621662,
    168.40317554939386,
    176.3167454063915
  ],
  "(0, 2, 1)": [
    172.54702344846888,
    166.12387715143385,
    174.70790678866834,
    177.12406530886153
  ],
  "(0, 1, 1)": [
    172.85475493463505,
    171.62367196957572,
    174.46748288944565,
    168.32665675315744
  ],
  "(0, 1, 0)": [
    160.4768940447525,
    159.26820252469983,
    161.93873216954182,
    155.84481646500672
  ],
  "(0, 2, 0)": [
    159.68121269439737,
    155.15783074797596,
    161.41876157734862,
    164.20906351334116
  ],
  "(0, 2, 2)": [
    188.67889891868296,
    186.2298495951005,
    189.9039512869175,
    194.31221255401118
  ],
  "(0, 1, 2)": [
    187.84109441395324,
    190.1058696103912,
    194.97943113329165,
    184.50595946206377
  ],
  "(1, 1, 2)": [
    175.6261015825225,
    185.81349246652528,
    195.21481778121938,
    170.56753407072054
  ],
  "(4, 1, 2)": [
    87.4059505045186,
    125.41642387106852,
    97.90516835914258,
    83.51346186600898
  ],
  "(3, 2, 2)": [
    138.59265045194712,
    156.85649390818517,
    174.79969856905996,
    98.79690197717532
  ],
  "(2, 3, 2)": [
    156.35493713113493,
    138.31440900851698,
    186.69139421043565,
    138.59235201348386
  ],
  "(1, 3, 2)": [
    187.39071920884868,
    179.24601654283782,
    190.82570843531826,
    185.13067020316342
  ],
  "(0, 3, 2)": [
    185.11542820137763,
    182.13107449025912,
    187.02049969316545,
    193.56345960059323
  ],
  "(1, 2, 2)": [
    183.73071918706356,
    184.7843983873753,
    194.90429319733204,
    169.80753339823255
  ],
  "(2, 2, 1)": [
    149.7040453469565,
    135.71594424464408,
    177.04326231255342,
    134.0556097662201
  ],
  "(2, 2, 2)": [
    171.36856824720059,
    180.26532117875072,
    191.8870198008238,
    131.23111320416376
  ],
  "(4, 1, 1)": [
    99.41996959709279,
    92.78892883993456,
    132.25214446860966,
    97.53289150051975
  ],
  "(3, 1, 1)": [
    119.12265731927896,
    152.1926663691223,
    159.32379186081988,
    117.67224577787415
  ],
  "(3, 2, 1)": [
    109.18885267775102,
    70.49527105434312,
    170.8709049741616,
    103.73507375780596
  ],
  "(2, 3, 1)": [
    54.72492019133698,
    55.80836900638944,
    95.99851206432999,
    53.67498384362912
  ],
  "(1, 1, 1)": [
    168.82676846084811,
    171.65146982873844,
    178.0336339077064,
    164.5278149984526
  ],
  "(1, 2, 1)": [
    174.83003518237064,
    166.88927956461518,
    176.97575332436148,
    165.6074667647791
  ],
  "(2, 1, 1)": [
    136.9981169042638,
    170.0641675889639,
    174.73792202542708,
    144.6813448638001
  ],
  "(3, 1, 0)": [
    134.2591949573611,
    148.306997297746,
    162.23028726467166,
    126.46245198825422
  ],
  "(2, 2, 0)": [
    94.4846250066779,
    95.42162122777705,
    165.63397289006556,
    137.6518891898621
  ],
  "(0, 3, 0)": [
    158.422624138678,
    152.27993643815768,
    160.85132542926135,
    164.7857914973676
  ],
  "(2, 1, 0)": [
    155.07377510527505,
    167.50822578607495,
    163.74612668909197,
    152.84710146669397
  ],
  "(1, 1, 0)": [
    162.50180304069045,
    162.7029327177727,
    164.36740149111262,
    156.9340759394112
  ],
  "(1, 2, 0)": [
    157.46689023353443,
    152.63300625995592,
    163.87706034842782,
    162.66123580317495
  ],
  "(4, 1, 0)": [
    90.62736824317207,
    63.689996462474255,
    146.6801727182685,
    81.8423657570036
  ],
  "(4, 2, 0)": [
    62.36656724145509,
    15.143600492445795,
    128.0171570752878,
    39.37092898304848
  ],
  "(3, 3, 0)": [
    2.959547869017857,
    0.4600872463483972,
    16.420789831872945,
    -1.1052047051483966
  ],
  "(3, 3, 2)": [
    64.19920848901208,
    69.25545844631743,
    176.4601500417982,
    120.60057296375876
  ],
  "(2, 3, 0)": [
    61.60907986112544,
    14.612073337043348,
    0.0,
    15.838375941905099
  ],
  "(4, 2, 1)": [
    62.3241615846363,
    -3.1478832953558182,
    121.74403479836685,
    75.44787926226624
  ],
  "(4, 3, 1)": [
    -0.49875513155131423,
    3.310026644459072,
    -1.2184329220498458,
    24.874733847634957
  ],
  "(3, 2, 0)": [
    53.83091132443715,
    41.73903359710677,
    155.15824116360156,
    67.95702495872385
  ],
  "(1, 3, 0)": [
    53.04851642074181,
    116.9326710998136,
    53.00517640375037,
    55.007188046181696
  ],
  "(4, 3, 0)": [
    -0.6203565338798771,
    -2.123762376237624,
    0.0,
    -2.5148340159355245
  ]
}