{
  "(2, 1, 2)": [
    135.07159173939402,
    172.56581597720592,
    181.90341205500283,
    132.7663547013753
  ],
  "(3, 1, 2)": [
    105.08780710937808,
    155.83357485591998,
    148.16901368878698,
    96.13109204976725
  ],
  "(4, 2, 2)": [
    111.49424840264902,
    103.6375103457854,
    158.05801304772774,
    88.47022253915843
  ],
  "(4, 3, 2)": [
    54.66980303359457,
    65.17264146674263,
    129.2940907700654,
    92.47646493375389
  ],
  "(3, 3, 1)": [
    -1.8521643786354924,
    12.60506939620405,
    79.41154601895134,
    3.620020673722648
  ],
  "(1, 3, 1)": [
    113.7565623013675,
    107.91033803697127,
    169.17290969027195,
    131.45678290058092
  ],
  "(0, 3, 1)": [
    167.19828629344912,
    162.70223969621662,
    168.40317554939386,
    176.3167454063915
  ],
  "(0, 2, 1)": [
    172.5130772809291,
    166.12387715143385,
    174.70790678866834,
    176.24953312341623
  ],
  "(0, 1, 1)": [
    172.69581402606403,
    171.56622174767216,
    173.58153051586032,
    167.4855750645078
  ],
  "(0, 1, 0)": [
    159.99281173492645,
    158.38506064768922,
    161.63723205266948,
    155.75396847119026
  ],
  "(0, 2, 0)": [
    159.8096257870156,
    155.15783074797596,
    161.3434618886177,
    164.45994762623206
  ],
  "(0, 2, 2)": [
    188.67889891868296,
    186.2298495951005,
    189.4574944087902,
    193.77653058360465
  ],
  "(0, 1, 2)": [
    189.38514897961804,
    190.91651513023416,
    195.07333994329903,
    183.54331624577864
  ],
  "(1, 1, 2)": [
    175.6638228735986,
    187.52202983538945,
    196.66268121937983,
    172.58260983451262
  ],
  "(4, 1, 2)": [
    87.4059505045186,
    131.52961862316576,
    97.90516835914258,
    83.51346186600898
  ],
  "(3, 2, 2)": [
    139.70161688534577,
    156.85649390818517,
    180.87864838607905,
    98.47987012082248
  ],
  "(2, 3, 2)": [
    156.35493713113493,
    138.31440900851698,
    186.69139421043565,
    138.59235201348386
  ],
  "(1, 3, 2)": [
    187.39071920884868,
    179.24601654283782,
    190.82570843531826,
    185.13067020316342
  ],
  "(0, 3, 2)": [
    185.11542820137763,
    182.22783100946288,
    187.02049969316545,
    193.56367959637737
  ],
  "(1, 2, 2)": [
    183.73071918706356,
    185.120376431966,
    194.31203702442528,
    168.61246455749801
  ],
  "(2, 2, 1)": [
    149.7040453469565,
    135.71594424464408,
    177.10636185107242,
    134.0556097662201
  ],
  "(2, 2, 2)": [
    171.36856824720059,
    181.06775276684192,
    190.16682004093113,
    130.5041092066955
  ],
  "(4, 1, 1)": [
    99.41996959709279,
    92.78892883993456,
    137.00162886022906,
    97.53289150051975
  ],
  "(3, 1, 1)": [
    119.12265731927896,
    152.95591930017616,
    160.80348709534167,
    117.67224577787415
  ],
  "(3, 2, 1)": [
    109.18885267775102,
    70.49527105434312,
    169.63207466949817,
    103.73507375780596
  ],
  "(2, 3, 1)": [
    54.72492019133698,
    55.80836900638944,
    95.99851206432999,
    53.67498384362912
  ],
  "(1, 1, 1)": [
    168.71479843963058,
    171.40270277509055,
    176.79993670053872,
    164.5278149984526
  ],
  "(1, 2, 1)": [
    174.83003518237064,
    166.88927956461518,
    177.18626890461044,
    165.6074667647791
  ],
  "(2, 1, 1)": [
    139.86319797305777,
    170.0641675889639,
    173.7614103336323,
    144.6813448638001
  ],
  "(3, 1, 0)": [
    134.9209796463838,
    149.87946620714612,
    161.03082285594414,
    126.46245198825422
  ],
  "(2, 2, 0)": [
    94.4846250066779,
    95.42162122777705,
    167.1606654567761,
    137.6518891898621
  ],
  "(0, 3, 0)": [
    158.422624138678,
    152.27993643815768,
    160.85132542926135,
    164.7857914973676
  ],
  "(2, 1, 0)": [
    155.07377510527505,
    165.13033021123368,
    163.76059626212907,
    152.84710146669397
  ],
  "(1, 1, 0)": [
    165.32387017227805,
    162.57113667233094,
    166.58460016151128,
    156.82624534839056
  ],
  "(1, 2, 0)": [
    157.46689023353443,
    152.63300625995592,
    164.68172800123628,
    162.3916646698252
  ],
  "(4, 1, 0)": [
    90.62736824317207,
    63.689996462474255,
    146.73446269744736,
    81.8423657570036
  ],
  "(4, 2, 0)": [
    62.36656724145509,
    15.143600492445795,
    128.0171570752878,
    39.37092898304848
  ],
  "(3, 3, 0)": [
    2.959547869017857,
    0.4600872463483972,
    16.420789831872945,
    -1.1052047051483966
  ],
  "(3, 3, 2)": [
    64.19920848901208,
    69.25545844631743,
    176.4601500417982,
    120.60057296375876
  ],
  "(2, 3, 0)": [
    61.60907986112544,
    14.612073337043348,
    0.0,
    15.838375941905099
  ],
  "(4, 2, 1)": [
    62.3241615846363,
    -3.1478832953558182,
    125.08090014345947,
    75.44787926226624
  ],
  "(4, 3, 1)": [
    -0.49875513155131423,
    3.310026644459072,
    -1.2184329220498458,
    24.874733847634957
  ],
  "(3, 2, 0)": [
    53.83091132443715,
    41.73903359710677,
    155.64684459519196,
    67.95702495872385
  ],
  "(1, 3, 0)": [
    53.04851642074181,
    116.9326710998136,
    53.00517640375037,
    55.007188046181696
  ],
  "(4, 3, 0)": [
    -0.6203565338798771,
    -2.123762376237624,
    0.0,
    -2.5148340159355245
  ]
}