{"(2, 1, 2)": [131.2192157602442, 158.72377606144562, 174.64854057276972, 120.6626853742073], "(3, 1, 2)": [76.04844537137298, 129.0754094232797, 143.48832508334016, 54.506939182174065], "(4, 2, 2)": [63.861930115364785, 7.296058482416059, 139.71295167211707, 36.01883042643968], "(4, 3, 2)": [3.1727674354861684, -11.566739103113628, 14.139386709549097, 29.039557585857175], "(3, 3, 1)": [-1.8521643786354924, -0.011881188118811881, 9.884383285220974, 3.620020673722648], "(1, 3, 1)": [43.65086008888702, 15.411053953641273, 136.5250426377963, 45.87322135381531], "(0, 3, 1)": [167.31068525806108, 164.03852686001505, 168.79112462282922, 177.35239109126715], "(0, 2, 1)": [175.92913200364455, 167.03524048527368, 176.71656116709644, 180.00299974948607], "(0, 1, 1)": [177.531004276183, 174.08270967994267, 180.16923403929184, 172.46612344930992], "(0, 1, 0)": [166.51616374917998, 163.3408971242457, 168.42238726493852, 160.99129165818397], "(0, 2, 0)": [164.25145080928664, 158.74077512944277, 167.0984642795699, 169.4904798943445], "(0, 2, 2)": [174.3969676248905, 167.55298602803367, 176.75352935571263, 179.88236221066205], "(0, 1, 2)": [175.65282342588685, 173.95949741151676, 181.57166043451625, 170.46178271355132], "(1, 1, 2)": [169.35636812966234, 172.1387110158544, 183.18370979582372, 162.88073417195298], "(4, 1, 2)": [54.34326961913375, 117.16918875077313, 65.46336790791928, 44.607908337176355], "(3, 2, 2)": [108.6787817209341, 49.05455543060983, 163.52519596803322, 63.67554894610832], "(2, 3, 2)": [47.86865222388173, 36.875167919602255, 135.70646276610177, 68.91371410198369], "(1, 3, 2)": [136.66714891509542, 134.37993813100277, 168.79071884118878, 110.58656809394242], "(0, 3, 2)": [166.1051432674144, 163.27682078215435, 168.12900685244838, 176.86392501980384], "(1, 2, 2)": [172.86696923304623, 154.95350522036142, 179.8280985249226, 158.62527817448873], "(2, 2, 1)": [94.5157998953214, 53.95101108329697, 173.803879808091, 94.34980656291583], "(2, 2, 2)": [143.51690681458714, 113.6050987198814, 177.87590956366037, 115.83786000170716], "(4, 1, 1)": [77.85332502746111, 54.75543272765459, 146.08360681950288, 58.86092270837992], "(3, 1, 1)": [116.44881900561772, 108.4636628664909, 166.38808286250722, 104.58899114167498], "(3, 2, 1)": [46.508732616179806, 28.659119320394808, 157.7585717312416, 78.44397191669574], "(2, 3, 1)": [12.210549136350535, 8.401017743250021, 52.11712537793329, 27.71220439045416], "(1, 1, 1)": [173.8990866393842, 174.00599241361596, 182.5988630851682, 169.41538613049255], "(1, 2, 1)": [151.53545106131617, 136.56128512164636, 180.04427038927, 148.1176225789197], "(2, 1, 1)": [150.52172991692763, 159.69744461748573, 180.01196153823568, 151.3793294805008], "(3, 1, 0)": [121.14693564767215, 81.92163845485338, 165.48395543036267, 66.76261272215129], "(2, 2, 0)": [47.191650611730125, 51.72792224567473, 155.8105888686615, 103.87138178604769], "(0, 3, 0)": [159.44905628300808, 156.11298789177815, 162.1148477255373, 167.48256811466368], "(2, 1, 0)": [150.46980059958872, 154.1672088362237, 172.21528215245914, 144.57772676316836], "(1, 1, 0)": [169.5358346534548, 164.53112895023455, 172.38762796098482, 166.4168069669376], "(1, 2, 0)": [97.96401373095098, 102.63573558406564, 169.02263687365627, 103.3737343978791], "(4, 1, 0)": [42.023632432412896, 16.981396265875436, 156.3342447895502, 32.61785544058044], "(4, 2, 0)": [8.946426482857905, 0.9490635545001149, 78.15807214032978, 18.993899465293733], "(3, 3, 0)": [2.959547869017857, 0.4600872463483972, 16.420789831872945, -1.1052047051483966], "(3, 3, 2)": [21.815234083013102, 23.42702153833983, 89.88037627920984, 65.5751025687348], "(2, 3, 0)": [39.128442143385435, 5.208525518187888, 0.0, 0.0], "(4, 2, 1)": [12.434216383404433, -4.746083904695061, 57.90445453580843, 27.543056486495786], "(4, 3, 1)": [0.0, 3.310026644459072, -1.1336633663366336, 0.930501126954093], "(3, 2, 0)": [5.36745518142536, 12.423003175266095, 87.1193049514059, 0.30923181910526243], "(1, 3, 0)": [27.808209472896348, 85.11219760492708, 12.360004638343742, 43.0592832216806], "(4, 3, 0)": [-0.6203565338798771, -2.123762376237624, 0.0, -2.5148340159355245]}